caso,baseline,mat_prod_dot,matmul
"m < n, pequena (15, 10, 30)",1.0,0.15344817563508825,3.578400361500226
"m < n, grande (300, 200, 500)",1.0,0.11215217340119664,9.276460418645831
"m = n, grande (500, 500, 500)",1.0,0.06400398966459103,9.260018796443012
"m > n, grande (500, 200, 300)",1.0,0.10345718179300392,7.9387733930868505
"m = n, pequena (30, 30, 30)",1.0,0.19537952130630126,4.286041732532406
"m > n, pequena (30, 10, 15)",1.0,0.2433594018310094,5.448374340949034
