,mat_prod,mat_prod_dot,matmul
"m < n, pequena (15, 10, 30)",0.002521081299846628,0.0006616983999720105,5.765499963672482e-06
"m > n, pequena (30, 10, 15)",0.002058294799962823,0.0006499835999875358,6.069600067348801e-06
"m = n, pequena (30, 30, 30)",0.012044651100131887,0.001303061799990246,1.0488700036148657e-05
