,mat_prod,mat_prod_dot,matmul
"m < n, pequena (15, 10, 30)",1.0,4.527333810089854,88.77670849306696
"m > n, pequena (30, 10, 15)",1.0,4.890184958051742,148.07470129049588
"m = n, pequena (30, 30, 30)",1.0,15.77513076663386,550.3049350132503
"m < n, grande (300, 200, 500)",1.0,78.58847513608592,1932.505959957764
"m > n, grande (500, 200, 300)",1.0,74.15419367859182,11071.909394986043
"m = n, grande (500, 500, 500)",1.0,132.63097671799693,11398.993890765472
